{"train_loss": 0.5532799696922303, "Train acc": 0.5049, "_timestamp": 1714656992.0473356, "_runtime": 3988.055101633072, "_step": 84, "_wandb": {"runtime": 3993}}