{"train_loss": 0.6356564974784851, "Train acc": 0.5112, "_timestamp": 1714654017.7072196, "_runtime": 1013.7149856090546, "_step": 57}