{"train_loss": 0.6143530654907227, "Train acc": 0.51295, "_timestamp": 1714652587.5206783, "_runtime": 222.56517338752747, "_step": 10, "_wandb": {"runtime": 230}}